<?xml version="1.0" standalone="yes"?>
<NewDataSet>
  <Table>
    <id>&#x1F;3&gt;3:3F4H4F3D4E3'3B4F4K4L4H3F4Y3:3B4F4K4L4H3F4Y3:3L4E4H4K4E4&amp;4F4H4F3D4E3'3:3K4E3C4A4F4'4:3F4C4E4L4D4H4H3E4L4V323!2!2!2&#x1A;2"3!2!2!2!2!2!2!2&#x1A;2L6L6L6L6!2!2!2&#x1A;2!2</id>
    <nome>&#x1F;3F4H4F3D4E3'3K4E3C4A4F4'4 3!2!2!2&#x1A;2"3!2!2!2!2!2!2!2&#x1A;2L6L6L6L6!2!2!2&#x1A;2!2</nome>
    <ativa>&#x1F;3L4&lt;4A4C4&#x1D;2!2!2!2&#x1A;2"3!2!2!2!2!2!2!2&#x1A;2L6L6L6L6!2!2!2&#x1A;2!2</ativa>
    <stringconexao>&#x1F;3!2!2!2!2&#x1A;2"3!2!2!2!2!2!2!2&#x1A;2L6L6L6L6!2!2!2&#x1A;2!2</stringconexao>
    <provider>&#x1F;353:3&amp;3(3,4+4&amp;4+4U3W3&#x1E;3!2!2!2&#x1A;2"3!2!2!2!2!2!2!2&#x1A;2L6L6L6L6!2!2!2&#x1A;2!2</provider>
    <servidorbd>&#x1F;353&lt;3&lt;393+4U3W3Y3&amp;4/493(3%4,4V3&#x1B;3!2!2!2&#x1A;2"3!2!2!2!2!2!2!2&#x1A;2L6L6L6L6!2!2!2&#x1A;2!2</servidorbd>
    <servidorcomponente>&#x1F;353&lt;3&lt;393+4U3W3Y3&amp;4/493(3%4,4V3&#x1B;3!2!2!2&#x1A;2"3!2!2!2!2!2!2!2&#x1A;2L6L6L6L6!2!2!2&#x1A;2!2</servidorcomponente>
    <servidor>&#x1F;353&lt;3&lt;393+4U3W3Y3&amp;4/493(3%4,4V3&#x1B;3!2!2!2&#x1A;2"3!2!2!2!2!2!2!2&#x1A;2L6L6L6L6!2!2!2&#x1A;2!2</servidor>
    <nomebd>&#x1F;3&amp;4)4,4V3%3R3K3*4(4&#x1D;3!2!2!2&#x1A;2"3!2!2!2!2!2!2!2&#x1A;2L6L6L6L6!2!2!2&#x1A;2!2</nomebd>
    <timeoutbd>&#x1F;3&lt;38363&#x1C;2!2!2!2&#x1A;2"3!2!2!2!2!2!2!2&#x1A;2L6L6L6L6!2!2!2&#x1A;2!2</timeoutbd>
    <usuariobd>&#x1F;3&#xC;3+4'4%3:3&amp;3Y3%3'3X3V3'4:3(3%4,4V3:3W3Q3&#x18;3!2!2!2&#x1A;2"3!2!2!2!2!2!2!2&#x1A;2L6L6L6L6!2!2!2&#x1A;2!2</usuariobd>
    <senhabd>&#x1F;3G353+4'4E3K3F3Y3E3'3(4%333A4&lt;3'4K3(3%4L4V3K3B4&lt;4&#x14;3!2!2!2&#x1A;2"3!2!2!2!2!2!2!2&#x1A;2L6L6L6L6!2!2!2&#x1A;2!2</senhabd>
    <habilitarpool>&#x1F;3L4B4K4E3M4!3!2!2!2&#x1A;2"3!2!2!2!2!2!2!2&#x1A;2L6L6L6L6!2!2!2&#x1A;2!2</habilitarpool>
    <minpool>&#x1F;3&lt;3&#x1A;2!2!2!2&#x1A;2"3!2!2!2!2!2!2!2&#x1A;2L6L6L6L6!2!2!2&#x1A;2!2</minpool>
    <maxpool>&#x1F;3&lt;313&#x1B;2!2!2!2&#x1A;2"3!2!2!2!2!2!2!2&#x1A;2L6L6L6L6!2!2!2&#x1A;2!2</maxpool>
    <habilitarressubmissaoautomaticabd>&#x1F;3L4B4K4E3M4!3!2!2!2&#x1A;2"3!2!2!2!2!2!2!2&#x1A;2L6L6L6L6!2!2!2&#x1A;2!2</habilitarressubmissaoautomaticabd>
    <numeroressubmissoesbd>&#x1F;313&#x1A;2!2!2!2&#x1A;2"3!2!2!2!2!2!2!2&#x1A;2L6L6L6L6!2!2!2&#x1A;2!2</numeroressubmissoesbd>
    <intervaloentreressubmissoesbd>&#x1F;3&lt;3&lt;3&lt;313&#x1D;2!2!2!2&#x1A;2"3!2!2!2!2!2!2!2&#x1A;2L6L6L6L6!2!2!2&#x1A;2!2</intervaloentreressubmissoesbd>
    <classepersistencia>&#x1F;3L4L4L4M4G34313833373H3E353L4L4H3&#xC;3@3&lt;3:3&lt;3:3&lt;3:353&#xC;3@3&#xC;3E3A4&lt;4C4&lt;4A4C4B4L4E3A4M4E4(4C4E4L4:3A4L4C4B4E3Y3:3F4L4K4G3&lt;4%4:3J4A4F4&gt;4L4D4E3A4-4:3F4C4E4L4D4H4H3E4L4V3&#xC;3@3A4L4=4A4L4W3+4U3W3E3H4G3E4L4C4B4H4B4A4L4'4A4F4H3E3C4G4E3H3%3:3A4F4H3E3C4G4E3H3%3:3E3A4&lt;4C4&lt;4A4C4B4L4E3A4M4E4(4C4E4L4:3A4L4C4B4E3Y3:3F4L4K4G3&lt;4%4:3J4A4F4&gt;4L4D4E3A4-4:3F4C4E4L4D4H4H3E4L4V3&#x1A;2Q5!2!2!2&#x1A;2"3!2!2!2!2!2!2!2&#x1A;2L6L6L6L6!2!2!2&#x1A;2!2</classepersistencia>
    <diretoriovirtual>&#x1F;3!2!2!2!2&#x1A;2"3!2!2!2!2!2!2!2&#x1A;2L6L6L6L6!2!2!2&#x1A;2!2</diretoriovirtual>
    <dominio>&#x1F;3E3B4A4F3F4G4&lt;4A4N4&#x1D;3!2!2!2&#x1A;2"3!2!2!2!2!2!2!2&#x1A;2L6L6L6L6!2!2!2&#x1A;2!2</dominio>
    <utilizarstringconexao>&#x1F;3!2!2!2!2&#x1A;2"3!2!2!2!2!2!2!2&#x1A;2L6L6L6L6!2!2!2&#x1A;2!2</utilizarstringconexao>
    <utilizaruppercase>&#x1F;3!2!2!2!2&#x1A;2"3!2!2!2!2!2!2!2&#x1A;2L6L6L6L6!2!2!2&#x1A;2!2</utilizaruppercase>
    <quantidadeDeRegistrosPorLote>&#x1F;3&lt;3&lt;31353&#x1D;2!2!2!2&#x1A;2"3!2!2!2!2!2!2!2&#x1A;2L6L6L6L6!2!2!2&#x1A;2!2</quantidadeDeRegistrosPorLote>
    <quantidadeDeThreads>&#x1F;353&#x1A;2!2!2!2&#x1A;2"3!2!2!2!2!2!2!2&#x1A;2L6L6L6L6!2!2!2&#x1A;2!2</quantidadeDeThreads>
    <quantidadeDeRegistrosPorLoteEmCadaThread>&#x1F;3&lt;3&lt;31353&#x1D;2!2!2!2&#x1A;2"3!2!2!2!2!2!2!2&#x1A;2L6L6L6L6!2!2!2&#x1A;2!2</quantidadeDeRegistrosPorLoteEmCadaThread>
  </Table>
  <Table>
    <id>&#x1F;3W3%3(3,4&amp;4Y3X3:3F4I4L4A4E3R3B4F4K4L4H3F4Y3:3B4F4K4L4H3F4Y3:3L4E4H4K4E4&amp;4F4H4F3D4E3'3:3K4E3C4A4F4'4:3F4C4E4L4D4H4H3E4L4V303!2!2!2&#x1A;2"3!2!2!2!2!2!2!2&#x1A;2L6L6L6L6!2!2!2&#x1A;2!2</id>
    <nome>&#x1F;3F4I4L4A4E3R3"3!2!2!2&#x1A;2"3!2!2!2!2!2!2!2&#x1A;2L6L6L6L6!2!2!2&#x1A;2!2</nome>
    <ativa>&#x1F;3L4&lt;4A4C4&#x1D;2!2!2!2&#x1A;2"3!2!2!2!2!2!2!2&#x1A;2L6L6L6L6!2!2!2&#x1A;2!2</ativa>
    <stringconexao>&#x1F;3!2!2!2!2&#x1A;2"3!2!2!2!2!2!2!2&#x1A;2L6L6L6L6!2!2!2&#x1A;2!2</stringconexao>
    <provider>&#x1F;353:3&amp;3(3,4+4&amp;4+4U3W3&#x1E;3!2!2!2&#x1A;2"3!2!2!2!2!2!2!2&#x1A;2L6L6L6L6!2!2!2&#x1A;2!2</provider>
    <servidorbd>&#x1F;353&lt;3&lt;393+4U3W3Y3&amp;4/493(3%4,4V3&#x1B;3!2!2!2&#x1A;2"3!2!2!2!2!2!2!2&#x1A;2L6L6L6L6!2!2!2&#x1A;2!2</servidorbd>
    <servidorcomponente>&#x1F;353&lt;3&lt;393+4U3W3Y3&amp;4/493(3%4,4V3&#x1B;3!2!2!2&#x1A;2"3!2!2!2!2!2!2!2&#x1A;2L6L6L6L6!2!2!2&#x1A;2!2</servidorcomponente>
    <servidor>&#x1F;353&lt;3&lt;393+4U3W3Y3&amp;4/493(3%4,4V3&#x1B;3!2!2!2&#x1A;2"3!2!2!2!2!2!2!2&#x1A;2L6L6L6L6!2!2!2&#x1A;2!2</servidor>
    <nomebd>&#x1F;3&amp;4)4,4V3%3R3"3!2!2!2&#x1A;2"3!2!2!2!2!2!2!2&#x1A;2L6L6L6L6!2!2!2&#x1A;2!2</nomebd>
    <timeoutbd>&#x1F;3&lt;38363&#x1C;2!2!2!2&#x1A;2"3!2!2!2!2!2!2!2&#x1A;2L6L6L6L6!2!2!2&#x1A;2!2</timeoutbd>
    <usuariobd>&#x1F;3&#xC;3+4'4%3:3&amp;3Y3%3'3X3V3'4:3(3%4,4V3:3W3Q3&#x18;3!2!2!2&#x1A;2"3!2!2!2!2!2!2!2&#x1A;2L6L6L6L6!2!2!2&#x1A;2!2</usuariobd>
    <senhabd>&#x1F;3G353+4'4E3K3F3Y3E3'3(4%333A4&lt;3'4K3(3%4L4V3K3B4&lt;4&#x14;3!2!2!2&#x1A;2"3!2!2!2!2!2!2!2&#x1A;2L6L6L6L6!2!2!2&#x1A;2!2</senhabd>
    <habilitarpool>&#x1F;3L4B4K4E3M4!3!2!2!2&#x1A;2"3!2!2!2!2!2!2!2&#x1A;2L6L6L6L6!2!2!2&#x1A;2!2</habilitarpool>
    <minpool>&#x1F;3&lt;3&#x1A;2!2!2!2&#x1A;2"3!2!2!2!2!2!2!2&#x1A;2L6L6L6L6!2!2!2&#x1A;2!2</minpool>
    <maxpool>&#x1F;3&lt;313&#x1B;2!2!2!2&#x1A;2"3!2!2!2!2!2!2!2&#x1A;2L6L6L6L6!2!2!2&#x1A;2!2</maxpool>
    <habilitarressubmissaoautomaticabd>&#x1F;3L4B4K4E3M4!3!2!2!2&#x1A;2"3!2!2!2!2!2!2!2&#x1A;2L6L6L6L6!2!2!2&#x1A;2!2</habilitarressubmissaoautomaticabd>
    <numeroressubmissoesbd>&#x1F;313&#x1A;2!2!2!2&#x1A;2"3!2!2!2!2!2!2!2&#x1A;2L6L6L6L6!2!2!2&#x1A;2!2</numeroressubmissoesbd>
    <intervaloentreressubmissoesbd>&#x1F;3&lt;3&lt;3&lt;313&#x1D;2!2!2!2&#x1A;2"3!2!2!2!2!2!2!2&#x1A;2L6L6L6L6!2!2!2&#x1A;2!2</intervaloentreressubmissoesbd>
    <classepersistencia>&#x1F;3L4L4L4M4G34313833373H3E353L4L4H3&#xC;3@3&lt;3:3&lt;3:3&lt;3:353&#xC;3@3&#xC;3E3A4&lt;4C4&lt;4A4C4B4L4E3A4M4E4(4C4E4L4:3A4L4C4B4E3Y3:3F4L4K4G3&lt;4%4:3J4A4F4&gt;4L4D4E3A4-4:3F4C4E4L4D4H4H3E4L4V3&#xC;3@3A4L4=4A4L4W3+4U3W3E3H4G3E4L4C4B4H4B4A4L4'4A4F4H3E3C4G4E3H3%3:3A4F4H3E3C4G4E3H3%3:3E3A4&lt;4C4&lt;4A4C4B4L4E3A4M4E4(4C4E4L4:3A4L4C4B4E3Y3:3F4L4K4G3&lt;4%4:3J4A4F4&gt;4L4D4E3A4-4:3F4C4E4L4D4H4H3E4L4V3&#x1A;2Q5!2!2!2&#x1A;2"3!2!2!2!2!2!2!2&#x1A;2L6L6L6L6!2!2!2&#x1A;2!2</classepersistencia>
    <diretoriovirtual>&#x1F;3!2!2!2!2&#x1A;2"3!2!2!2!2!2!2!2&#x1A;2L6L6L6L6!2!2!2&#x1A;2!2</diretoriovirtual>
    <dominio>&#x1F;3E3B4A4F3F4G4&lt;4A4N4&#x1D;3!2!2!2&#x1A;2"3!2!2!2!2!2!2!2&#x1A;2L6L6L6L6!2!2!2&#x1A;2!2</dominio>
    <utilizarstringconexao>&#x1F;3!2!2!2!2&#x1A;2"3!2!2!2!2!2!2!2&#x1A;2L6L6L6L6!2!2!2&#x1A;2!2</utilizarstringconexao>
    <utilizaruppercase>&#x1F;3!2!2!2!2&#x1A;2"3!2!2!2!2!2!2!2&#x1A;2L6L6L6L6!2!2!2&#x1A;2!2</utilizaruppercase>
    <quantidadeDeRegistrosPorLote>&#x1F;3&lt;3&lt;31353&#x1D;2!2!2!2&#x1A;2"3!2!2!2!2!2!2!2&#x1A;2L6L6L6L6!2!2!2&#x1A;2!2</quantidadeDeRegistrosPorLote>
    <quantidadeDeThreads>&#x1F;353&#x1A;2!2!2!2&#x1A;2"3!2!2!2!2!2!2!2&#x1A;2L6L6L6L6!2!2!2&#x1A;2!2</quantidadeDeThreads>
    <quantidadeDeRegistrosPorLoteEmCadaThread>&#x1F;3&lt;3&lt;31353&#x1D;2!2!2!2&#x1A;2"3!2!2!2!2!2!2!2&#x1A;2L6L6L6L6!2!2!2&#x1A;2!2</quantidadeDeRegistrosPorLoteEmCadaThread>
  </Table>
  <Table>
    <id>&#x1F;3&gt;3:3F4H3E3H4A4L4-4B4F4K4L4H3F4Y3:3B4F4K4L4H3F4Y3:3L4E4H4K4E4&amp;4F4H4F3D4E3'3:3K4E3C4A4F4'4:3F4C4E4L4D4H4H3E4L4V333!2!2!2&#x1A;2"3!2!2!2!2!2!2!2&#x1A;2L6L6L6L6!2!2!2&#x1A;2!2</id>
    <nome>&#x1F;3F4H3E3H4A4L4-4#3!2!2!2&#x1A;2"3!2!2!2!2!2!2!2&#x1A;2L6L6L6L6!2!2!2&#x1A;2!2</nome>
    <ativa>&#x1F;3L4&lt;4A4C4&#x1D;2!2!2!2&#x1A;2"3!2!2!2!2!2!2!2&#x1A;2L6L6L6L6!2!2!2&#x1A;2!2</ativa>
    <stringconexao>&#x1F;3!2!2!2!2&#x1A;2"3!2!2!2!2!2!2!2&#x1A;2L6L6L6L6!2!2!2&#x1A;2!2</stringconexao>
    <provider>&#x1F;353:3&amp;3(3,4+4&amp;4+4U3W3&#x1E;3!2!2!2&#x1A;2"3!2!2!2!2!2!2!2&#x1A;2L6L6L6L6!2!2!2&#x1A;2!2</provider>
    <servidorbd>&#x1F;353&lt;3&lt;393+4U3W3Y3&amp;4/493(3%4,4V3&#x1B;3!2!2!2&#x1A;2"3!2!2!2!2!2!2!2&#x1A;2L6L6L6L6!2!2!2&#x1A;2!2</servidorbd>
    <servidorcomponente>&#x1F;353&lt;3&lt;393+4U3W3Y3&amp;4/493(3%4,4V3&#x1B;3!2!2!2&#x1A;2"3!2!2!2!2!2!2!2&#x1A;2L6L6L6L6!2!2!2&#x1A;2!2</servidorcomponente>
    <servidor>&#x1F;353&lt;3&lt;393+4U3W3Y3&amp;4/493(3%4,4V3&#x1B;3!2!2!2&#x1A;2"3!2!2!2!2!2!2!2&#x1A;2L6L6L6L6!2!2!2&#x1A;2!2</servidor>
    <nomebd>&#x1F;3&amp;4(3%3(4V3,4-4&amp;3(3&#x1D;3!2!2!2&#x1A;2"3!2!2!2!2!2!2!2&#x1A;2L6L6L6L6!2!2!2&#x1A;2!2</nomebd>
    <timeoutbd>&#x1F;3&lt;38363&#x1C;2!2!2!2&#x1A;2"3!2!2!2!2!2!2!2&#x1A;2L6L6L6L6!2!2!2&#x1A;2!2</timeoutbd>
    <usuariobd>&#x1F;3&#xC;3+4'4%3:3&amp;3Y3%3'3X3V3'4:3(3%4,4V3:3W3Q3&#x18;3!2!2!2&#x1A;2"3!2!2!2!2!2!2!2&#x1A;2L6L6L6L6!2!2!2&#x1A;2!2</usuariobd>
    <senhabd>&#x1F;3G353+4'4E3K3F3Y3E3'3(4%333A4&lt;3'4K3(3%4L4V3K3B4&lt;4&#x14;3!2!2!2&#x1A;2"3!2!2!2!2!2!2!2&#x1A;2L6L6L6L6!2!2!2&#x1A;2!2</senhabd>
    <habilitarpool>&#x1F;3L4B4K4E3M4!3!2!2!2&#x1A;2"3!2!2!2!2!2!2!2&#x1A;2L6L6L6L6!2!2!2&#x1A;2!2</habilitarpool>
    <minpool>&#x1F;3&lt;3&#x1A;2!2!2!2&#x1A;2"3!2!2!2!2!2!2!2&#x1A;2L6L6L6L6!2!2!2&#x1A;2!2</minpool>
    <maxpool>&#x1F;3&lt;313&#x1B;2!2!2!2&#x1A;2"3!2!2!2!2!2!2!2&#x1A;2L6L6L6L6!2!2!2&#x1A;2!2</maxpool>
    <habilitarressubmissaoautomaticabd>&#x1F;3L4B4K4E3M4!3!2!2!2&#x1A;2"3!2!2!2!2!2!2!2&#x1A;2L6L6L6L6!2!2!2&#x1A;2!2</habilitarressubmissaoautomaticabd>
    <numeroressubmissoesbd>&#x1F;313&#x1A;2!2!2!2&#x1A;2"3!2!2!2!2!2!2!2&#x1A;2L6L6L6L6!2!2!2&#x1A;2!2</numeroressubmissoesbd>
    <intervaloentreressubmissoesbd>&#x1F;3&lt;3&lt;3&lt;3&lt;313!3!2!2!2&#x1A;2"3!2!2!2!2!2!2!2&#x1A;2L6L6L6L6!2!2!2&#x1A;2!2</intervaloentreressubmissoesbd>
    <classepersistencia>&#x1F;3L4L4L4M4G34313833373H3E353L4L4H3&#xC;3@3&lt;3:3&lt;3:3&lt;3:353&#xC;3@3&#xC;3E3A4&lt;4C4&lt;4A4C4B4L4E3A4M4E4(4C4E4L4:3A4L4C4B4E3Y3:3F4L4K4G3&lt;4%4:3J4A4F4&gt;4L4D4E3A4-4:3F4C4E4L4D4H4H3E4L4V3&#xC;3@3A4L4=4A4L4W3+4U3W3E3H4G3E4L4C4B4H4B4A4L4'4A4F4H3E3C4G4E3H3%3:3A4F4H3E3C4G4E3H3%3:3E3A4&lt;4C4&lt;4A4C4B4L4E3A4M4E4(4C4E4L4:3A4L4C4B4E3Y3:3F4L4K4G3&lt;4%4:3J4A4F4&gt;4L4D4E3A4-4:3F4C4E4L4D4H4H3E4L4V3&#x1A;2Q5!2!2!2&#x1A;2"3!2!2!2!2!2!2!2&#x1A;2L6L6L6L6!2!2!2&#x1A;2!2</classepersistencia>
    <diretoriovirtual>&#x1F;3!2!2!2!2&#x1A;2"3!2!2!2!2!2!2!2&#x1A;2L6L6L6L6!2!2!2&#x1A;2!2</diretoriovirtual>
    <dominio>&#x1F;3E3B4A4F3F4G4&lt;4A4N4&#x1D;3!2!2!2&#x1A;2"3!2!2!2!2!2!2!2&#x1A;2L6L6L6L6!2!2!2&#x1A;2!2</dominio>
    <utilizarstringconexao>&#x1F;3!2!2!2!2&#x1A;2"3!2!2!2!2!2!2!2&#x1A;2L6L6L6L6!2!2!2&#x1A;2!2</utilizarstringconexao>
    <utilizaruppercase>&#x1F;3!2!2!2!2&#x1A;2"3!2!2!2!2!2!2!2&#x1A;2L6L6L6L6!2!2!2&#x1A;2!2</utilizaruppercase>
    <quantidadeDeRegistrosPorLote>&#x1F;3&lt;3&lt;31353&#x1D;2!2!2!2&#x1A;2"3!2!2!2!2!2!2!2&#x1A;2L6L6L6L6!2!2!2&#x1A;2!2</quantidadeDeRegistrosPorLote>
    <quantidadeDeThreads>&#x1F;353&#x1A;2!2!2!2&#x1A;2"3!2!2!2!2!2!2!2&#x1A;2L6L6L6L6!2!2!2&#x1A;2!2</quantidadeDeThreads>
    <quantidadeDeRegistrosPorLoteEmCadaThread>&#x1F;3&lt;3&lt;31353&#x1D;2!2!2!2&#x1A;2"3!2!2!2!2!2!2!2&#x1A;2L6L6L6L6!2!2!2&#x1A;2!2</quantidadeDeRegistrosPorLoteEmCadaThread>
  </Table>
</NewDataSet>